A,R,N,D,C,Q,E,G,H,I,L,K,M,F,P,S,T,W,Y,V,B,J,Z,X,*
A,4,-1.0,-2,-2.0,0.0,-1,-1.0,0.0,-2,-1.0,-1,-1.0,-1,-2.0,-1,1,0,-3.0,-2,0,-2.0,-1,-1.0,-1,-4.0
R,-1.0,5.0,0.0,-2,-3.0,1.0,0.0,-2,0,-3.0,-2,2,-1.0,-3,-2.0,-1,-1.0,-3,-2.0,-3,-1.0,-2,0,-1.0,-4
N,-2.0,0.0,6.0,1.0,-3,0,0,0,1,-3.0,-3,0,-2.0,-3,-2.0,1.0,0.0,-4,-2.0,-3,4,-3.0,0.0,-1,-4.0
D,-2.0,-2,1,6,-3.0,0.0,2.0,-1,-1.0,-3,-4.0,-1,-3.0,-3,-1.0,0.0,-1,-4.0,-3,-3.0,4.0,-3,1,-1.0,-4
C,0,-3.0,-3,-3.0,9.0,-3,-4.0,-3,-3.0,-1,-1.0,-3,-1.0,-2,-3.0,-1,-1.0,-2,-2.0,-1,-3.0,-1,-3.0,-1,-4.0
Q,-1.0,1.0,0.0,0.0,-3,5,2,-2.0,0.0,-3,-2.0,1.0,0.0,-3,-1.0,0.0,-1,-2.0,-1,-2.0,0.0,-2,4,-1.0,-4
E,-1.0,0.0,0.0,2.0,-4,2,5,-2.0,0.0,-3,-3.0,1.0,-2,-3.0,-1,0,-1.0,-3,-2.0,-2,1,-3.0,4.0,-1,-4.0
G,0,-2.0,0.0,-1,-3.0,-2,-2.0,6.0,-2,-4.0,-4,-2.0,-3,-3.0,-2,0,-2.0,-2,-3.0,-3,-1.0,-4,-2.0,-1,-4.0
H,-2.0,0.0,1.0,-1,-3.0,0.0,0.0,-2,8,-3.0,-3,-1.0,-2,-1.0,-2,-1.0,-2,-2.0,2.0,-3,0,-3.0,0.0,-1,-4.0
I,-1.0,-3,-3.0,-3,-1.0,-3,-3.0,-4,-3.0,4.0,2.0,-3,1,0,-3.0,-2,-1.0,-3,-1.0,3.0,-3,3,-3.0,-1,-4.0
L,-1.0,-2,-3.0,-4,-1.0,-2,-3.0,-4,-3.0,2.0,4.0,-2,2,0,-3.0,-2,-1.0,-2,-1.0,1.0,-4,3,-3.0,-1,-4.0
K,-1.0,2.0,0.0,-1,-3.0,1.0,1.0,-2,-1.0,-3,-2.0,5.0,-1,-3.0,-1,0,-1.0,-3,-2.0,-2,0,-3.0,1.0,-1,-4.0
M,-1.0,-1,-2.0,-3,-1.0,0.0,-2,-3.0,-2,1,2,-1.0,5.0,0.0,-2,-1.0,-1,-1.0,-1,1,-3.0,2.0,-1,-1.0,-4
F,-2.0,-3,-3.0,-3,-2.0,-3,-3.0,-3,-1.0,0.0,0.0,-3,0,6,-4.0,-2,-2.0,1.0,3.0,-1,-3.0,0.0,-3,-1.0,-4
P,-1.0,-2,-2.0,-1,-3.0,-1,-1.0,-2,-2.0,-3,-3.0,-1,-2.0,-4,7,-1.0,-1,-4.0,-3,-2.0,-2,-3.0,-1,-1.0,-4
S,1,-1.0,1.0,0.0,-1,0,0,0,-1.0,-2,-2.0,0.0,-1,-2.0,-1,4,1,-3.0,-2,-2.0,0.0,-2,0,-1.0,-4
T,0,-1.0,0.0,-1,-1.0,-1,-1.0,-2,-2.0,-1,-1.0,-1,-1.0,-2,-1.0,1.0,5.0,-2,-2.0,0.0,-1,-1.0,-1,-1.0,-4
W,-3.0,-3,-4.0,-4,-2.0,-2,-3.0,-2,-2.0,-3,-2.0,-3,-1.0,1.0,-4,-3.0,-2,11.0,2.0,-3,-4.0,-2,-2.0,-1,-4.0
Y,-2.0,-2,-2.0,-3,-2.0,-1,-2.0,-3,2,-1.0,-1,-2.0,-1,3,-3.0,-2,-2.0,2.0,7.0,-1,-3.0,-1,-2.0,-1,-4.0
V,0,-3.0,-3,-3.0,-1,-2.0,-2,-3.0,-3,3,1,-2.0,1.0,-1,-2.0,-2,0,-3.0,-1,4,-3.0,2.0,-2,-1.0,-4
B,-2.0,-1,4,4,-3.0,0.0,1.0,-1,0,-3.0,-4,0,-3.0,-3,-2.0,0.0,-1,-4.0,-3,-3.0,4.0,-3,0,-1.0,-4
J,-1.0,-2,-3.0,-3,-1.0,-2,-3.0,-4,-3.0,3.0,3.0,-3,2,0,-3.0,-2,-1.0,-2,-1.0,2.0,-3,3,-3.0,-1,-4.0
Z,-1.0,0.0,0.0,1.0,-3,4,4,-2.0,0.0,-3,-3.0,1.0,-1,-3.0,-1,0,-1.0,-2,-2.0,-2,0,-3.0,4.0,-1,-4.0
X,-1.0,-1,-1.0,-1,-1.0,-1,-1.0,-1,-1.0,-1,-1.0,-1,-1.0,-1,-1.0,-1,-1.0,-1,-1.0,-1,-1.0,-1,-1.0,-1,-4.0
*,-4.0,-4,-4.0,-4,-4.0,-4,-4.0,-4,-4.0,-4,-4.0,-4,-4.0,-4,-4.0,-4,-4.0,-4,-4.0,-4,-4.0,-4,-4.0,-4,1
